wer,wer_global,streaming_latency,streaming_latency_global,confirmed_streaming_latency,confirmed_streaming_latency_global,model_timestamp_streaming_latency,model_timestamp_streaming_latency_global,model_timestamp_confirmed_streaming_latency,model_timestamp_confirmed_streaming_latency_global,number_deletions,number_deletions_global,number_substitutions,number_substitutions_global,number_insertions,number_insertions_global
0.125,0.125,0.4640333601286185,0.4640333601286185,1.6605765754132251,1.6605765754132251,0.39046218078452605,0.39046218078452605,1.7505747351960335,1.7505747351960335,0,0.0,2,2.0,0,0.0
0.0,0.05263157894736842,0.41798181472219315,0.44191543944853634,1.1008840605570378,1.338351671506321,0.41261843624897293,0.3999880435408377,1.2213675195934055,1.4470588268501645,0,0.0,2,4.0,0,0.0
0.0,0.041666666666666664,0.6011399183951044,0.47933137908992957,1.043900098425198,1.2709460953782479,0.7276635413114321,0.4372080851669119,1.182711854242421,1.3877566557579564,0,0.0,1,5.0,0,0.0
0.09090909090909091,0.05714285714285714,0.4277730897238326,0.46178573859353783,1.3403608937969307,1.2939800331017424,0.40011721704280145,0.42414720170114323,1.4152174517705538,1.3972070043986116,1,1.0,5,10.0,0,0.0
0.0,0.044444444444444446,0.346958056126718,0.43028028519575423,1.4970436283775435,1.3412788380618195,0.37592830242164926,0.4122925553416642,1.5280952995470436,1.4285009805615474,0,1.0,5,15.0,5,5.0
0.0,0.0392156862745098,0.33752954566251947,0.4092857518020536,1.6679463682432458,1.4114267162080387,0.509607176472509,0.4341961677994773,1.8091970694452555,1.507048217110761,0,1.0,3,18.0,0,5.0
0.0,0.03278688524590164,0.459311789692811,0.41404704936599174,1.0176918465227838,1.3596953991455587,0.43050267396357716,0.43270162408689694,1.1121505363953175,1.4585337053379668,0,1.0,1,19.0,0,5.0
0.0,0.029850746268656716,0.40082352906469115,0.4126997585766615,1.211319429272121,1.3421282143315982,0.4382213072145406,0.4330167143089027,1.2949019975088463,1.4391036304926401,0,1.0,1,20.0,0,5.0
0.0,0.02666666666666667,0.3801143139160913,0.4090731727497997,1.5339763721345605,1.3663278121965856,0.45311588151379034,0.4347338120274036,1.632831841570012,1.4616255313822992,0,1.0,1,21.0,0,5.0
0.0,0.023255813953488372,0.3070018112293582,0.39194743066955,1.4058028744725763,1.3721378353354834,0.37854516489366064,0.42806147413078477,1.5763472457985106,1.4784460122953718,1,2.0,3,24.0,0,5.0
0.0,0.020833333333333332,0.4828230387325242,0.40001567369242097,1.1948246866124785,1.3551892969495978,0.5670241329145792,0.4368886321416874,1.316147542809321,1.4627438611549566,0,2.0,2,26.0,0,5.0
0.0,0.018867924528301886,0.39601121164204417,0.39970044132445226,1.2535605814702242,1.3450478571605406,0.3410993786224465,0.429747841414345,1.4624389940939369,1.462716766755412,0,2.0,1,27.0,0,5.0
0.0,0.017094017094017096,0.43588025055791085,0.40255423989973427,1.1044926774753154,1.3274480114485094,0.5031985355445735,0.4327671234134808,1.199300023117664,1.4449663131530712,0,2.0,4,31.0,0,5.0
0.0,0.01652892561983471,0.3177915002200487,0.3961851512727726,1.114445015226932,1.3154617626741612,0.4332542393105338,0.43278791322674004,1.1747872255960115,1.4288719950500162,0,2.0,2,33.0,0,5.0
0.18181818181818182,0.030303030303030304,0.43136472477461985,0.3991402228233211,1.5145387561672312,1.3286527470517357,0.45518905764484074,0.43423119215412104,1.5906896053593491,1.4399527761741158,1,3.0,4,37.0,0,5.0
0.14285714285714285,0.03597122302158273,0.36517374156750815,0.3967820219541955,1.2449487818383187,1.3237550584978532,0.43974684669445624,0.43456373097690826,1.319363676231879,1.432599782386346,1,4.0,3,40.0,0,5.0
0.0,0.03289473684210526,0.41933593456627977,0.39830032594544834,1.4301026347156909,1.3335326822914773,0.4894396313036297,0.4376219123838508,1.519943961052362,1.4404440119681101,0,4.0,1,41.0,0,5.0
0.0,0.03164556962025317,0.44651256203474043,0.40018806275807745,1.0627689327015757,1.3216767399211065,0.48590042256033306,0.4390893271706156,1.2434090698120768,1.432067647159066,0,4.0,1,42.0,0,5.0
0.125,0.03614457831325301,0.30722321137867376,0.39373418055525533,1.34023532492355,1.3228745154136714,0.27238399466760516,0.40699925636660245,1.4790344747166557,1.435142225061508,1,5.0,3,45.0,0,5.0
0.0,0.03488372093023256,0.3625176357569957,0.39176194272101755,1.4764208008288664,1.3307376641441275,0.4254905850968284,0.4078771141461867,1.5552671530190518,1.4418499681894674,0,5.0,3,48.0,0,5.0
0.0,0.03333333333333333,0.4181181132789614,0.3928572146334891,1.4022631516587698,1.3343172848714637,0.3560349317414908,0.4060795598921952,1.5103125215675612,1.4453920890144143,0,5.0,1,49.0,0,5.0
0.0,0.031914893617021274,0.45815923654654533,0.3950865444760839,1.3463312004986818,1.3347841193829162,0.5274042771884556,0.40849577246064656,1.5081249826378686,1.4477354188971416,0,5.0,2,51.0,0,5.0
0.0,0.03015075376884422,0.41632487821246994,0.3959380612718969,1.1692676621140972,1.3269035897643642,0.4704827051999281,0.4099826385814992,1.3289915644794918,1.4424804843942023,0,5.0,4,55.0,0,5.0
0.0,0.029411764705882353,0.49060092761378393,0.398300890209962,0.8866823704103682,1.3161114430962237,0.6200000177672863,0.41189329578813894,1.079677429546164,1.4343038977938278,0,5.0,1,56.0,0,5.0
0.09090909090909091,0.03255813953488372,0.2837319213637696,0.3920037867288063,1.3170683389074715,1.3161548302333113,0.3812352176357539,0.41047686962431923,1.3957554022958634,1.4324498352121602,0,5.0,8,64.0,0,5.0
0.0,0.03125,0.48670321816086254,0.39464861849791766,1.1987785014175099,1.3120158628844452,0.4586207188320275,0.41185512394212115,1.3077981799718925,1.4279193148166003,0,5.0,1,65.0,0,5.0
0.1,0.03418803418803419,0.5404748047426381,0.3996917272826688,0.7767600113093118,1.2742601320588058,0.512485044666038,0.4143442295167142,1.1886033304186872,1.4144399061919102,1,6.0,2,67.0,2,7.0
0.0,0.03333333333333333,0.29494929771677875,0.3946336999383067,1.5465685475389168,1.2855106096708362,0.3875804002713197,0.41322194891392794,1.6877551120023162,1.4265233154041332,0,6.0,3,70.0,0,7.0
0.07142857142857142,0.03543307086614173,0.2959428718346914,0.3874610335690121,1.419466367266669,1.2934532722197167,0.3107015740156127,0.406716070851819,1.5189690906737217,1.4316197861772002,1,7.0,6,76.0,7,14.0
0.0,0.03435114503816794,0.315277241673042,0.3845979167505599,1.3770585164741485,1.2963548470125597,0.33210366778354233,0.4036861014659732,1.445944052473827,1.432179144461113,1,8.0,3,79.0,0,14.0
0.0,0.03260869565217391,0.2753046820781719,0.3770749573316722,0.9487694863705779,1.253269257904235,0.3434628552582051,0.39887149140113404,2.0320965733183747,1.479000495681462,1,9.0,5,84.0,1,15.0
0.14285714285714285,0.0353356890459364,0.32310870195093805,0.374349782349122,1.361823823823826,1.2568927706507707,0.37815045221359844,0.3981240484691843,1.5193056192789833,1.4804105874473013,1,10.0,4,88.0,6,21.0
0.0,0.034013605442176874,0.4378903140819094,0.37754735403279194,1.8921499770386747,1.2865263864108794,0.26995894701249384,0.36338746571666763,2.1083979335601724,1.5103424234104101,1,11.0,3,91.0,0,21.0
0.0,0.03333333333333333,0.4171622795608566,0.37822335363154036,1.4299587042732296,1.2892946061645414,0.37360411970718027,0.3634697502938421,1.5934375239746952,1.5121480209058975,0,11.0,1,92.0,0,21.0
0.0,0.03215434083601286,0.316938972233902,0.37604709653904606,1.205345131841249,1.2866322706997693,0.45908416501015475,0.36502333070287224,1.3567407068759822,1.5075400727483663,1,12.0,3,95.0,3,24.0
0.09090909090909091,0.034161490683229816,0.31433049222442755,0.3735811131451677,1.5194687181027033,1.2943703986479782,0.36877336499194496,0.3651481374426869,1.6987221438748934,1.5148108894057253,1,13.0,7,102.0,0,24.0
0.0,0.03353658536585366,0.24832587528626898,0.36847237865202964,1.7785614801245975,1.3098593332809136,0.3844036676973017,0.3662990345991946,2.131084306971081,1.535692985035989,1,14.0,4,106.0,0,24.0
0.0,0.03283582089552239,0.28668941905886747,0.36574520910409286,1.5363813559322064,1.3157550979216432,0.3273070791094316,0.36541443680757685,1.7339507110279953,1.5420391124727448,1,15.0,5,111.0,0,24.0
0.0,0.03225806451612903,0.256844745727477,0.3621563437308646,1.3773606600901542,1.3171616830870292,0.40414110308598106,0.36616473797545646,1.4290698163176716,1.5392312050540224,0,15.0,4,115.0,0,24.0
0.0,0.03170028818443804,0.14248934093872756,0.3504607523920887,1.4910128254767232,1.321869548100371,0.36583334042107,0.3661575146694355,1.6880575635323891,1.5431131460684961,0,15.0,12,127.0,0,24.0
0.0,0.03064066852367688,0.34293331229454943,0.3502831196931187,1.3704149728997317,1.323326987631485,0.3811029617983822,0.36643105110425783,1.512631636538113,1.5421654482246938,0,15.0,2,129.0,0,24.0
0.0,0.030054644808743168,0.4163039958587812,0.3516336527592622,1.3180690487030313,1.3232092915019515,0.47676892609421645,0.36798288901409587,1.4781250739233316,1.5407089507891703,0,15.0,1,130.0,0,24.0
0.0,0.029333333333333333,0.31618199155138726,0.35076431702806254,1.2414554628255874,1.3214011895687492,0.3297623528522998,0.3672504614118876,1.3509449079038724,1.5365212821871979,1,16.0,4,134.0,0,24.0
0.0,0.02849740932642487,0.3455466828594181,0.35064769935819223,1.2433867141732593,1.319383158205287,0.28256694329030974,0.36222273381533,1.3692617554942952,1.5323001322073277,1,17.0,2,136.0,0,24.0
0.0,0.027707808564231738,0.4225018028254534,0.3520492843882359,1.4850844431533812,1.3236594032523021,0.4908447755842009,0.36419557155910726,1.5564706198068874,1.5329766193505323,0,17.0,1,137.0,2,26.0
0.0,0.02729528535980149,0.2848413630716553,0.35048502300924256,1.2177382596685102,1.3217487034831532,0.4175912434954367,0.3648487928132163,1.3330768662370402,1.5296115214862869,1,18.0,2,139.0,2,28.0
0.14285714285714285,0.03117505995203837,0.29322686302887313,0.3481267325934576,1.7471450650495621,1.3375066191759466,0.38840932384733046,0.3656946109464812,1.923112132910656,1.5443854190531976,0,18.0,9,148.0,0,28.0
0.0,0.030805687203791468,0.5481836918716997,0.3499715304758309,1.0759032888684463,1.3350489750455774,0.6649541425737007,0.3666277637269093,1.270517229337034,1.5419329943787594,0,18.0,1,149.0,0,28.0
0.0,0.03002309468822171,0.5846153433014956,0.35414886618059505,1.4525926781761616,1.3373218551831798,0.389683999645142,0.3669772384313877,1.4884671309136832,1.5408255218217126,0,18.0,3,152.0,0,28.0
0.0,0.029345372460496615,0.5597857426797719,0.357634588748667,1.52610849056604,1.3417119185776365,0.5991932076828232,0.3700183540213577,1.8214035691936563,1.5478968328540752,0,18.0,1,153.0,0,28.0
0.0,0.028888888888888888,0.4188314117840426,0.3586839419487009,1.4498619473189112,1.3435824311641158,0.46135745394799615,0.3711272584480129,1.548571428018635,1.5479091319406897,1,19.0,2,155.0,0,28.0
0.0,0.028384279475982533,0.22267153360018596,0.35513533121377994,1.3698192554043258,1.3441049924717874,0.35019688222368545,0.3707263344310532,1.562237755341341,1.5481996044612876,0,19.0,5,160.0,0,28.0
0.0,0.02771855010660981,0.4013177455198236,0.35575017274338916,1.281150768475262,1.3431735131619502,0.462690599410396,0.37127554390627254,1.3694782376817545,1.5453326833723335,0,19.0,2,162.0,0,28.0
0.09090909090909091,0.029166666666666667,0.4016993984647949,0.3564965201267596,1.2670812090210286,1.3418742186353885,0.4066735876730524,0.37172848912110074,1.3706475192953937,1.5420101277528058,0,19.0,4,166.0,0,28.0
0.14285714285714285,0.030800821355236138,0.6900000000000004,0.3583353682284537,1.7139309725025245,1.344839574418704,0.819999997615815,0.3723793585270765,1.8525423536247638,1.5444970831778515,0,19.0,0,166.0,0,28.0
0.0,0.030425963488843813,0.35562741356520955,0.3582944719705446,1.174897434369217,1.3425503205328,0.4172236917589313,0.3728143078876144,1.2169025924043542,1.5395481288478965,0,19.0,2,168.0,0,28.0
0.0,0.0297029702970297,0.3499320885657649,0.3581135865936949,1.337556254066976,1.3424397377234212,0.3539037992300997,0.37247112471928523,1.4682081166342031,1.53793545128263,0,19.0,4,172.0,0,28.0
0.14285714285714285,0.03125,0.4137839324326601,0.3589487693846777,1.4906500155917548,1.3446452641859967,0.49650219533215884,0.3779603561938519,1.6003174963323756,1.5389458815885178,0,19.0,2,174.0,0,28.0
0.0,0.03088803088803089,0.5595362162124825,0.36075737705219396,1.2427479677394857,1.343320854975162,0.546936936845331,0.37932960309946384,1.3200000291258374,1.5358109499281274,0,19.0,0,174.0,0,28.0
0.0,0.030303030303030304,0.3893126981692944,0.36112950406633315,1.0537108888327489,1.3396113366976217,0.28360102212451715,0.37843880414007186,1.1389075266402346,1.5299151181250292,0,19.0,4,178.0,0,28.0
0.0,0.029850746268656716,0.4655669336384446,0.3620198535110106,1.0199016519073583,1.3363168956240883,0.4629999789036817,0.3788243630026082,1.1522353006347672,1.5259498531993176,0,19.0,1,179.0,0,28.0
0.0,0.029304029304029304,0.402091818929956,0.36248345301298,1.0339942425828506,1.3325135921863878,0.43255604760847244,0.37911037450104645,1.2249999924388264,1.5224230969657662,0,19.0,1,180.0,0,28.0
0.1111111111111111,0.03063063063063063,0.289002743310852,0.3609988741585755,1.2495058801302046,1.3311424989118978,0.3293158043064639,0.3784419752825951,1.4058571073438382,1.5204644749122502,0,19.0,5,185.0,0,28.0
0.0,0.03041144901610018,0.491311225492378,0.3620282326948962,0.8307187500000011,1.3277515418248393,0.5935135012435309,0.37900270199468805,0.8900000047683725,1.5159568644057984,0,19.0,1,186.0,0,28.0
0.0,0.02982456140350877,0.4574969734064068,0.36301383067001447,0.9875519141531336,1.32382647849487,0.43141844640432286,0.3793475987387182,1.126082487269479,1.5115019447415676,0,19.0,3,189.0,0,28.0
0.09090909090909091,0.03098106712564544,0.34385355342421176,0.36273868365151074,1.1908238529061534,1.3220019295520729,0.33999999609857323,0.37897293760664025,1.2538461370312535,1.5076157333375981,1,20.0,5,194.0,0,28.0
0.0,0.030612244897959183,0.34900518796992575,0.36255336162203755,1.1185177993901325,1.3198447940982658,0.5351655664261018,0.3800555424034185,1.2332653014657136,1.5045313761767103,0,20.0,3,197.0,0,28.0
0.0,0.030303030303030304,0.4305535037458999,0.3632381033880715,0.917432562836626,1.316362136694928,0.5246249743696834,0.38058448318995436,1.0960563400635637,1.5012312250271838,0,20.0,2,199.0,0,28.0
0.0,0.029850746268656716,0.35109923790304154,0.3630639272693432,1.3269424085115151,1.3165261386175917,0.2580213179882891,0.37877038928564755,1.4104000467568658,1.4997068709896253,1,21.0,2,201.0,0,28.0
0.0,0.029556650246305417,0.30961172403648196,0.36212157574555437,1.2266277385109277,1.3155201378579755,0.49370665841037825,0.3797332626687641,1.2812389518881193,1.4969793409535508,1,22.0,5,206.0,0,28.0
0.0,0.02926829268292683,0.6271684290030219,0.3636297352992157,0.9929498206193365,1.3128507925733195,0.5557471060321633,0.38041480370084074,1.059113911576445,1.4931905820764797,0,22.0,0,206.0,0,28.0
0.0,0.028892455858747994,0.41729284105674413,0.3643477342076288,1.4593554026408804,1.315271914289178,0.4431225334981776,0.3811130435064467,1.6235099182730277,1.4953108513498812,0,22.0,1,207.0,0,28.0
0.0,0.028391167192429023,0.4037470055947095,0.364748962810814,1.067197409638556,1.3121476251555677,0.428296057594487,0.38148184592888684,1.2078333428013157,1.4916413160641904,0,22.0,1,208.0,0,28.0
0.09090909090909091,0.02945736434108527,0.48008287536772487,0.36578444746741967,1.361508106819267,1.3124597611001492,0.5611574366709207,0.38232522829564186,1.4338709683531017,1.4912628143718527,0,22.0,3,211.0,0,28.0
0.09090909090909091,0.03048780487804878,0.3370773858354945,0.3653243670912797,1.3066165982277955,1.3123793537665887,0.4203096786605928,0.38277305424429325,1.4448888422692885,1.4906105444873776,0,22.0,7,218.0,0,28.0
0.0,0.029895366218236172,0.3093175119136323,0.3640172217191359,1.5025296278110696,1.315571316393363,0.3849208258647586,0.3828102653043694,1.6300561793343689,1.4931495506432875,1,23.0,8,226.0,0,28.0
0.16666666666666666,0.03111111111111111,0.5085826689260279,0.3649720995712581,1.5337396275091904,1.3173616505321593,0.5256989403555825,0.38336892868938544,1.7490410833058243,1.4950461982213734,0,23.0,1,227.0,0,28.0
0.0,0.03056768558951965,0.3604570107052994,0.3649057650980862,1.3149479280864327,1.3173227009518853,0.3785444336336354,0.38330025011281393,1.4101177436726453,1.4936051525385465,0,23.0,3,230.0,0,28.0
0.2,0.031791907514450865,0.7187500000000007,0.3660485433103462,1.0258437500000008,1.3167635520358334,0.8100000011920936,0.3837065803512147,1.0499999958276756,1.4926332061683958,0,23.0,0,230.0,0,28.0
0.1,0.03276353276353276,0.431462903408301,0.3667731811786467,0.6885455824874601,1.3017947624951975,0.46380385347564507,0.3843937295908395,1.4129655983647924,1.491499119911642,1,24.0,2,232.0,2,30.0
0.0,0.0323943661971831,0.6253750000000008,0.3679249200658889,0.8528130387931044,1.2989175664916683,0.5662963310137031,0.3847960370982581,0.9388889361989269,1.4876203978922804,0,24.0,0,232.0,0,30.0
0.0,0.03212290502793296,0.5725698825722564,0.36889758763045283,0.9199890348012233,1.2963315334430303,0.536666658479614,0.3852982014637751,1.050140849776143,1.484613229049085,0,24.0,0,232.0,0,30.0
0.09090909090909091,0.033012379642365884,0.3923896353762201,0.3692055884201047,1.2294632601435693,1.2954252881801245,0.4381291567117374,0.3857779680461408,1.3550376729435096,1.4829659772599726,0,24.0,4,236.0,0,30.0
0.16666666666666666,0.034106412005457026,0.4174059988937358,0.3697678636510906,1.548286301023905,1.2983875307796058,0.3933639349273736,0.3858605248326491,1.7193547955926625,1.4857349376167275,0,24.0,2,238.0,0,30.0
0.09090909090909091,0.03494623655913978,0.4595597541921041,0.3708483908416535,1.6769596720214217,1.3043428890717517,0.426551330007661,0.38646281096893254,1.7758988109570988,1.490533262767418,0,24.0,3,241.0,0,30.0
0.14285714285714285,0.03595206391478029,0.5349312263873502,0.37217296017665014,1.3187032191265078,1.3044919286119745,0.6002446482151372,0.38783178504850485,1.5390991202332733,1.49102896944935,0,24.0,1,242.0,0,30.0
0.0,0.035479632063074903,0.4701282419004664,0.3737538245592024,1.756873007753693,1.3130181377976993,0.4046751321683382,0.3884551421562432,2.050402348643596,1.4998379986108905,1,25.0,2,244.0,0,30.0
0.125,0.036410923276983094,0.6937500000000008,0.3748128363624014,2.3934775432900457,1.3180976055161766,0.7999999785423286,0.38883507862186584,2.1857142770420723,1.502866286249496,0,25.0,0,244.0,0,30.0
0.0,0.035897435897435895,0.39141681259605976,0.3750286150051355,1.5257235961404756,1.3210919343461525,0.388044475826684,0.38882515039885784,1.6238373502616028,1.50471251710481,0,25.0,2,246.0,0,30.0
0.14285714285714285,0.036848792884371026,0.3015380761523051,0.3740059365615263,1.7375294117647078,1.3246119216155714,0.5247586073549597,0.3895546028173297,1.8654545404462384,1.5078538189758852,1,26.0,5,251.0,3,33.0
0.1111111111111111,0.03768844221105527,0.3549390986904207,0.373807298830879,1.479070863312717,1.3261364289927013,0.4282221819898765,0.39000018371236816,1.5463710755567157,1.5082693884154978,0,26.0,3,254.0,0,33.0
0.0,0.03731343283582089,0.4996040370218284,0.37449044430259787,1.1903919822186575,1.325175052803119,0.48361111994720707,0.39024609909405894,1.234526348078723,1.5060252058157866,0,26.0,1,255.0,0,33.0
0.0,0.037037037037037035,0.48614317784488315,0.3750897724244183,1.0451706134774332,1.323038493581729,0.3642639612017642,0.3901530569459125,1.291392423470632,1.5045718768022038,0,26.0,0,255.0,0,33.0
0.0,0.03667481662591687,0.4520343115011744,0.3756783537891389,1.2412910677618088,1.3222732499511645,0.4937037170933983,0.3907593550282078,1.3697520999199875,1.5031879955570298,0,26.0,1,256.0,0,33.0
0.0,0.03618817852834741,0.35475847413114053,0.3754779844012792,1.163374811895601,1.3207405478322538,0.375961090649264,0.3906502544122382,1.2341508897427114,1.5007903216888556,0,26.0,3,259.0,0,33.0
0.09090909090909091,0.036904761904761905,0.346257540459131,0.375083997715431,1.7105003001451888,1.3248490084003732,0.3660753141469842,0.39040671130657384,1.8224461062769162,1.504505949703994,1,27.0,8,267.0,0,33.0
0.0,0.036556603773584904,0.2907843139562503,0.37424078770405406,1.5641187309111275,1.3266975767462421,0.3344019074038884,0.38999400743569057,1.629724840735982,1.5056300527377435,0,27.0,4,271.0,0,33.0
0.0,0.036384976525821594,0.46342453066148875,0.37448829260876887,1.4482524656946842,1.3270607308381648,0.4104166786717255,0.39003712090417897,1.7309859187279986,1.506940153970209,0,27.0,1,272.0,0,33.0
0.0,0.03587962962962963,0.3315850887513245,0.37376657575916883,1.798366631018893,1.3338957214023481,0.38336820634654895,0.3897783189579747,1.9961497041861462,1.5143177495698896,1,28.0,5,277.0,0,33.0
0.0,0.035632183908045977,0.21153449196070395,0.37141852318473473,1.6207438083858383,1.3368949600869813,0.4482933456558665,0.39051111860588394,1.9040186912347734,1.5176517229203774,0,28.0,4,281.0,0,33.0
0.0,0.03546910755148741,0.7000000000000004,0.3726700403361977,0.9121175496688753,1.3345765004349954,0.8100000262260445,0.39090300406204925,1.08677418208938,1.5155263026687977,0,28.0,0,281.0,0,33.0
0.0,0.03518728717366629,0.4989201255271814,0.3736858926174873,1.3348936217126384,1.3345794876474633,0.48100001735749187,0.3915150508073294,1.4292000450468094,1.5146762331446908,0,28.0,1,282.0,0,33.0
0.0,0.03487064116985377,0.3410412521139537,0.3732716230500121,1.5081505483503588,1.336668474866693,0.35752432831577474,0.39111488822169854,1.7345454908563933,1.5173116523478214,0,28.0,3,285.0,0,33.0
0.0,0.034444444444444444,0.4323955863337986,0.3737269844526751,1.0825191208941312,1.3342237245666855,0.4404885075867112,0.39139462772309735,1.1867796646658841,1.514303571632693,0,28.0,2,287.0,0,33.0
0.0,0.03402854006586169,0.35413577542404323,0.37348630350663975,1.4513372244749179,1.3354332573264178,0.43278257691929584,0.3917784892474308,1.5538461432702997,1.5147349231962786,0,28.0,4,291.0,5,38.0
0.16666666666666666,0.03489640130861505,0.5501809199329726,0.3745016625363078,1.188074476180192,1.3342236459147139,0.5019911218748779,0.3921787954966331,1.4702041081000277,1.5144044908653214,0,28.0,0,291.0,0,38.0
0.0,0.03466955579631636,0.40417698525727347,0.3748364312161383,1.3849032050310672,1.3346512759478704,0.5065035746985563,0.3936980375591382,1.44117646996096,1.5137505711247865,1,29.0,4,295.0,0,38.0
0.0,0.03415154749199573,0.32295365423938815,0.37407220599708657,1.3813343173963095,1.3353320375624056,0.333120319327737,0.39292605087219046,1.5598029140841998,1.514441577500175,0,29.0,4,299.0,0,38.0
0.0,0.0337909186906019,0.3557461976418156,0.3738952758487493,1.1790401352044284,1.3338892421206416,0.35207288249594004,0.3926471896533743,1.2770149262129487,1.512113013382988,0,29.0,4,303.0,0,38.0
0.125,0.03455497382198953,0.45067764568850904,0.3744934029799104,1.2167834098598376,1.332889600580352,0.41363256679835425,0.3928023309999802,1.3195867926048506,1.5104229615761648,0,29.0,2,305.0,0,38.0
0.0,0.03433922996878252,0.43378835314613745,0.3748248659617143,1.1197982018904167,1.3317056480055744,0.34688173458128396,0.39260544225150773,1.1844186311761176,1.5084015936762343,0,29.0,2,307.0,0,38.0
0.0,0.03419689119170984,1.076250000000001,0.37646449183620984,1.076250000000001,1.330851173162516,1.1699999904632579,0.39317846475646606,1.1699999904632579,1.5072345239021705,0,29.0,0,307.0,0,38.0
0.0,0.03381147540983607,0.38973416093463414,0.3766621721541737,1.7174293158767748,1.3362076612598357,0.33404102474371705,0.3912101869923367,1.8889758910254673,1.5117338896163002,1,30.0,6,313.0,0,38.0
0.0,0.03353658536585366,0.2954814742926166,0.37568075906835735,1.482361282156543,1.3378051472897694,0.3792295267789792,0.39110039797632296,1.692948678597464,1.5137191078186276,0,30.0,3,316.0,0,38.0
0.0,0.033165829145728645,0.371024488416284,0.3756368800467932,1.4912235287561324,1.3391654527703212,0.3081612327615829,0.38894835629013774,1.5687969063034062,1.5142287681170257,1,31.0,2,318.0,0,38.0
0.0,0.032803180914512925,0.42462962369247464,0.3760037808221302,1.2626507514450884,1.3385169168619573,0.4196325235280652,0.3891149457880941,1.3425210081522971,1.5128188024280393,0,31.0,4,322.0,0,38.0
0.09090909090909091,0.03343166175024582,0.33275213470431525,0.37561476153198786,1.4166351153039856,1.3392404070979262,0.394605923953872,0.38915926323494393,1.5172916207784553,1.5128628093876106,1,32.0,4,326.0,0,38.0
0.0,0.033235581622678395,0.3915489086474328,0.375743158757792,1.5494484459792819,1.3408820929962304,0.4444910381067592,0.3895483411639994,1.6772000289678606,1.51425445985794,0,32.0,2,328.0,0,38.0
0.0,0.03291384317521781,0.48749158738548415,0.3765891167574383,1.3792425148221368,1.3412524136798338,0.46827653960467464,0.39012747901973016,1.526619736118123,1.5143722797086496,0,32.0,1,329.0,0,38.0
0.0,0.03266090297790586,0.41819576052131646,0.37686184007944123,1.456390982012642,1.3421490860092984,0.40580810156330577,0.3902135163116878,1.6171074781607135,1.515199686428914,0,32.0,1,330.0,0,38.0
0.0,0.03247373447946514,0.601125472882196,0.3779074962709266,1.144840070983381,1.3410762706828594,0.59289998805495,0.3907736364560194,1.2230434229415779,1.5134215455965614,0,32.0,1,331.0,0,38.0
0.0,0.03222748815165877,0.31046413931707073,0.377079947512279,1.6191863069360446,1.3445902468598359,0.3950811054552435,0.39081723402162194,1.8785263804833805,1.5179537498856879,0,32.0,2,333.0,0,38.0
0.0,0.03189493433395872,0.2871265218815607,0.37614632784111707,1.1448557855712844,1.3426163159097149,0.3443876707909907,0.39047244523318503,1.3190001044499589,1.5161504667590748,0,32.0,3,336.0,0,38.0
0.0,0.03171641791044776,0.4623224920557574,0.3769703993019322,1.4003889812624442,1.3430246935450671,0.5516069710111298,0.39246230710701474,1.529999997553728,1.516257234306809,1,33.0,2,338.0,0,38.0
0.0,0.03145235892691952,0.4022641614483112,0.3771833868649095,1.3334661451526857,1.3429451593856305,0.47202790176650405,0.392995333578145,1.5282014232685792,1.5163629485553225,0,33.0,2,340.0,0,38.0
0.09090909090909091,0.03205128205128205,0.4756205803041663,0.37805768706689136,1.2038327050744853,1.3416723528186045,0.44080898941850244,0.3932770428243923,1.344341076915732,1.5149614820177264,0,33.0,4,344.0,0,38.0
0.0,0.03173164097914778,0.37686403068131274,0.37804374492713455,1.4406228588157837,1.3428196680849316,0.4647783363733791,0.3938489592514276,1.5770620807321063,1.5156479979810429,1,34.0,1,345.0,2,40.0
0.0,0.03141831238779174,0.2870789898445005,0.3772277510876621,1.3545804489110203,1.3429295235581131,0.35219316022378244,0.39351733461833754,1.493057264779111,1.5154286297742399,1,35.0,5,350.0,0,40.0
0.0,0.03125,0.3515240189524098,0.37702616232076763,1.570817172754865,1.3447241370612324,0.46823193014868913,0.3940259096002059,1.6951063584432342,1.5169820395342077,0,35.0,2,352.0,0,40.0
0.0,0.030973451327433628,0.30601470937311614,0.37625937664041964,1.4344528904017688,1.3456190120198077,0.3493898355250171,0.3936410886944438,1.5484210623162344,1.5173082575421473,0,35.0,5,357.0,0,40.0
0.0,0.030755711775043937,0.48476271226737294,0.37692614871854313,1.6113627856269928,1.347465043920013,0.3510120098739939,0.3933246120478936,1.6827049298358772,1.5185236770010224,0,35.0,2,359.0,0,40.0
0.0,0.030355594102341718,0.26614390390901993,0.37533260480917596,1.588066282934462,1.3505006962549169,0.27465631134388757,0.39150630565413347,1.729541309702769,1.5212586260891692,1,36.0,5,364.0,0,40.0
0.0,0.03006872852233677,0.42744053641564345,0.37579712611757515,1.1434177194258897,1.3489222121078779,0.47480522098276257,0.3919064988526785,1.2610811443443124,1.519552897005627,0,36.0,7,371.0,0,40.0
0.0,0.029863481228668942,0.25516611793730243,0.37442022346862003,1.50312540127307,1.350322096911863,0.42232143433680547,0.3921594281381295,1.6752112443289937,1.5208475426659143,0,36.0,4,375.0,1,41.0
0.09090909090909091,0.030431107354184278,0.3497980125317461,0.3742330998352173,1.3237121869859283,1.3500818476019933,0.4078456526672128,0.39227924604158904,1.409146327525186,1.5197847707403134,0,36.0,1,376.0,2,43.0
0.16666666666666666,0.031118587047939444,0.4288659793814436,0.3744695097416518,1.7134144631410275,1.35157229204152,0.5857009079026521,0.39253306935643373,1.8741176427813155,1.5211771217651744,0,36.0,1,377.0,0,43.0
0.0,0.030936454849498328,0.44937725486719693,0.3748421816547588,1.2112164290924097,1.3508486371634942,0.44155460180869566,0.3926757419771365,1.297653038184518,1.519918410039654,0,36.0,0,377.0,1,44.0
0.0,0.030705394190871368,0.31630875617183496,0.3743153419386493,1.3226583120076891,1.350608452815404,0.4111701975713433,0.39280242325485193,1.482627695483609,1.5196271427794636,0,36.0,3,380.0,0,44.0
0.0,0.030603804797353185,0.4724180137321521,0.37469820632300355,1.0369375000000014,1.3492446453727354,0.5020454652668768,0.39315156297453974,1.1200000071525587,1.5177901416245847,0,36.0,1,381.0,0,44.0
0.125,0.031224322103533278,0.47123902196371453,0.37513977247385644,1.2071478279274783,1.3483128256862427,0.5271161239448542,0.393583182633341,1.341639319045466,1.516578937180258,0,36.0,0,381.0,0,44.0
0.0,0.03099510603588907,0.3922702752932818,0.37522152670839765,1.051143206623281,1.3467904413626806,0.3783501805775865,0.3935287839614215,1.1439215923668473,1.5144488699783853,0,36.0,0,381.0,0,44.0
0.0,0.030844155844155844,0.46738774814030043,0.3758107333621437,1.2720093902254466,1.3463789248214928,0.4095238092508077,0.3936091537612203,1.3590476715313027,1.5135398379221714,0,36.0,3,384.0,0,44.0
0.0,0.03064516129032258,0.34928307003714715,0.37564200548476256,0.702049847075715,1.3382933302200752,0.3457523833181386,0.39337442629436714,1.355312492443149,1.5121419155103146,1,37.0,3,387.0,2,46.0
0.0,0.030254777070063694,0.36869356867942127,0.3755904621109557,1.2401972355027784,1.337478121011306,0.3330418290609192,0.3929989781109052,1.3399999178960091,1.510643717510248,0,37.0,4,391.0,0,46.0
0.14285714285714285,0.030878859857482184,0.7362500000000008,0.37636612863885294,1.088750000000001,1.3370769056796985,0.8699999880790719,0.39330352064313395,1.1300000059604653,1.5100196773461836,0,37.0,0,391.0,0,46.0
0.09090909090909091,0.03139717425431711,0.5371565987851757,0.37702821838408845,0.9711728942839073,1.3352478184575676,0.5170283163408749,0.3936128636388198,1.092631572685332,1.5078639814078176,0,37.0,1,392.0,0,46.0
0.0,0.0311284046692607,0.330783795125568,0.37662930261565764,1.350178343949047,1.3353626902343254,0.370251302391612,0.3934495295631276,1.4389473654715745,1.5072991520252306,1,38.0,5,397.0,0,46.0
0.0,0.03084040092521203,0.2217570722039791,0.3747222224168022,1.476280244942876,1.3368301258475561,0.3104903201410091,0.39250916353109383,1.7568421124441036,1.5095789962933983,1,39.0,7,404.0,0,46.0
0.25,0.03218390804597701,0.5168266722872992,0.37555806065276703,1.3963914328687175,1.3370189409186086,0.5035776123368464,0.39280671582028354,1.4912499912423678,1.5095165365543655,0,39.0,3,407.0,0,46.0
0.0,0.03206106870229008,0.4704184417689287,0.37590262531644497,0.8966620922338148,1.3354178671948824,0.4162499908817259,0.3928628884002494,1.001866684320239,1.5074973522952038,0,39.0,2,409.0,0,46.0
0.0,0.031914893617021274,0.5811213235294126,0.3763965557179239,0.8715956699346415,1.3338211861848892,0.4955932106263033,0.3930023431995301,0.9802816733178016,1.5055196319420319,0,39.0,0,409.0,0,46.0
0.0,0.031650339110776186,0.5983089306175381,0.3771656980234952,0.9864349727868765,1.3321680223177585,0.5544334409624984,0.3933784602516836,1.1123404186278865,1.503576577181836,0,39.0,1,410.0,0,46.0
0.0,0.03150787696924231,0.35831718108568505,0.3770759160049845,1.062237099200366,1.330891577490008,0.4041958199835027,0.39341385214696867,1.1560417222030663,1.5018313585334349,0,39.0,2,412.0,0,46.0
0.0,0.03139013452914798,0.7716562500000008,0.37775549397723696,0.8670496303581128,1.3297512684022457,0.8399999785423287,0.3936640447543848,0.9292157013481152,1.5003078090009048,0,39.0,0,412.0,0,46.0
0.09090909090909091,0.03187546330615271,0.42743116939082787,0.37804849803104,1.186876350596127,1.3289037859101032,0.4526997244390445,0.39390804800661694,1.2719047910797576,1.4988162168034542,0,39.0,4,416.0,0,46.0
0.0,0.03168754605747973,0.8037500000000009,0.37878516966921916,0.8942278269024663,1.327830914959676,0.8700000286102303,0.3941897640309186,0.9980769516602056,1.49747028271713,0,39.0,0,416.0,0,46.0
0.08333333333333333,0.03214024835646457,0.4846133489663884,0.3793184160791601,1.4767038448151302,1.3284490893271297,0.42043105211145776,0.3942932699829731,1.5067741549448967,1.49751479427224,0,39.0,1,417.0,0,46.0
0.0,0.03197674418604651,0.6301246534996545,0.38005831488829783,0.9721541060291075,1.3269504536029404,0.6330864173367529,0.3947309342733165,1.163544323904499,1.4961630335490612,0,39.0,0,417.0,0,46.0
0.0,0.031746031746031744,0.38001188855783335,0.38005798515103817,1.1631605400782723,1.3256884581763062,0.314502923738795,0.39426798404874297,1.3226154028313066,1.49501476435199,1,40.0,3,420.0,0,46.0
0.09090909090909091,0.03221188260558339,0.36200769607677624,0.3799502036400281,1.6585074903589463,1.3273031351683426,0.31498195877768936,0.3937787255701617,1.7143518602475618,1.4962138130759521,0,40.0,3,423.0,0,46.0
0.0,0.03205128205128205,0.29505161173703764,0.37941459953216033,1.221395200697779,1.3267565961193666,0.30430657961067836,0.3933695200333743,1.3941747836584308,1.4956845809828858,1,41.0,4,427.0,0,46.0
0.125,0.032577903682719546,0.42468470445961265,0.37961913879294973,1.6345676848742958,1.3278291554489376,0.38805061970047827,0.39334624308572574,1.6839024243985168,1.4964585573525742,0,41.0,1,428.0,0,46.0
0.0,0.03232607167955025,0.2930353838655858,0.37909925023567453,1.0841742943938304,1.3262219755992488,0.3054748576886952,0.39299909208403216,1.1619298128119617,1.4945569728515655,0,41.0,4,432.0,0,46.0
0.14285714285714285,0.032867132867132866,0.41295970805578774,0.37925185498148767,1.5508321382072139,1.3270259887072136,0.3652631647168214,0.39287173937380754,1.6997297388524477,1.4953112470170098,1,42.0,1,433.0,0,46.0
0.0,0.032752613240418116,0.5553780101527108,0.3796654590203109,0.8756760519801993,1.3255116900667092,0.4508661248998569,0.3929525323211408,1.0536619645005825,1.493758915366928,0,42.0,0,433.0,0,46.0
0.09090909090909091,0.03319502074688797,0.3874725695000102,0.3797084790947416,1.1677436033170696,1.324561778941299,0.46014636868504405,0.39325338107296726,1.2340000273184155,1.4920978895854362,0,42.0,2,435.0,2,48.0
0.09090909090909091,0.033630748112560054,0.6627215787872242,0.3816319114195427,1.970832506958938,1.3284363441015892,0.6215606151721264,0.39446113932665866,2.162413795184955,1.495900914302526,1,43.0,0,435.0,0,48.0
0.0,0.03346994535519126,0.44360582818003236,0.38199788769304494,1.211901204974697,1.3278659445196634,0.5209510171521144,0.39493612742233625,1.3259259244905157,1.495007788948851,0,43.0,5,440.0,0,48.0
0.18181818181818182,0.03457627118644068,0.49981585217581836,0.3829786295712576,1.478920080246075,1.3287812334811295,0.38204504754871904,0.39485613308770084,1.5346666003171328,1.4952665708917763,0,43.0,7,447.0,0,48.0
0.0,0.034482758620689655,0.3254671121831743,0.3826021397556956,1.3062500000000017,1.3286700475193984,0.4186129508309437,0.3949697929492077,1.3799999952316302,1.4946624716188832,0,43.0,3,450.0,0,48.0
0.14285714285714285,0.034993270524899055,0.4049823010840877,0.38273464732940105,1.3756181093804363,1.3289272955276281,0.4292235558153637,0.395124902122683,1.5359829880452596,1.4948936215188005,0,43.0,3,453.0,0,48.0
0.0,0.034759358288770054,0.4706422081905171,0.38307109388013805,1.1326723749432943,1.3279313062077849,0.4153265173694431,0.3951873438478283,1.222156850303819,1.49356997155787,0,43.0,1,454.0,0,48.0
0.0,0.03462050599201065,0.3685700559414906,0.3829913532130195,1.220214149289197,1.3273921990390207,0.46552868631791444,0.3954337833134726,1.4155769418596766,1.493185933166295,0,43.0,3,457.0,0,48.0
0.0,0.034368803701255786,0.46550445825085784,0.3833109354984849,1.046302860696519,1.326028440830006,0.47815668547127793,0.39562334943900523,1.1228037327985774,1.4913190170140818,0,43.0,1,458.0,0,48.0
0.0,0.03423304805793285,0.385424686517939,0.3833235625166771,1.3008632512764946,1.3259106903949665,0.5419059869812142,0.3962447912470748,1.4027678748977812,1.4908542687584159,0,43.0,3,461.0,0,48.0
0.18181818181818182,0.03529411764705882,0.37113003114193227,0.38326129328390457,1.4128899991724613,1.3262599968545883,0.3742438385448083,0.3961427788025346,1.504835197181241,1.4909136343739966,0,43.0,2,463.0,2,50.0
0.0,0.03517915309446254,0.5791115621705525,0.383723977419489,1.538500984684317,1.3269801413496354,0.5116940208297192,0.39636368229884644,1.6492105540112865,1.4914730134408054,0,43.0,0,463.0,0,50.0
0.0,0.03492884864165589,0.41108953754578864,0.38384404596352506,0.8173009987219934,1.3243389081607158,0.4740740652099487,0.39658225527546553,1.2471697791105487,1.4902748390656047,0,43.0,2,465.0,0,50.0
0.0625,0.035211267605633804,0.4622334355828237,0.38431063694963263,1.4626100791132604,1.3251993514096585,0.4662055155614745,0.39694732457617754,1.5457970703569845,1.4906271018566881,0,43.0,1,466.0,0,50.0
0.0,0.03505417463352454,0.3843906754127928,0.38431102010453555,1.165164624096131,1.3244635625817054,0.41050150355348225,0.39699477284380036,1.2975000520980082,1.4897080804334524,0,43.0,2,468.0,0,50.0
0.07142857142857142,0.035375868603916616,0.26123993335332996,0.3828926682473194,1.6081162507997777,1.3275507032324576,0.2607142921864538,0.395359665733884,1.7525960609742242,1.492186469577885,1,44.0,4,472.0,0,50.0
0.14285714285714285,0.035849056603773584,0.30688829302578186,0.3822630352931904,1.2217192682421247,1.3268964118885571,0.48199999623942674,0.39574248292656894,1.4823141116235055,1.492132621972762,1,45.0,4,476.0,0,50.0
0.0,0.035781544256120526,0.5853346322121966,0.3828565698119295,0.9176250000000011,1.3257438384778255,0.5692537050811912,0.3959783263344438,0.8799999880790721,1.4900152771495194,0,45.0,1,477.0,0,50.0
0.07692307692307693,0.0361145703611457,0.29944239482938795,0.3813620473868727,1.8173075377309373,1.3316127023324265,0.28883965916334253,0.3929300878374027,1.8804561196197032,1.4945742338057961,3,48.0,6,483.0,8,58.0
0.0,0.03593556381660471,0.3771929582886416,0.3813411362417777,1.3311839106654533,1.3316103395629537,0.33771640877749115,0.3927046540070254,1.4220000264114823,1.494141844114223,0,48.0,3,486.0,0,58.0
0.09090909090909091,0.036307692307692305,0.37922707833555264,0.38132173949252723,1.343752680007344,1.3316969447055471,0.4155220225157396,0.39285172860820927,1.527103472653774,1.4943514317300681,0,48.0,8,494.0,0,58.0
0.09090909090909091,0.03667481662591687,0.3335076657690775,0.3809757967306855,1.5328890708758172,1.3332616860139044,0.36359999051067726,0.39261126112025974,1.6108377046578761,1.49531898454471,0,48.0,4,498.0,0,58.0
0.0,0.0364963503649635,0.3773649276277566,0.38094999374410987,1.6274890906672013,1.3354342813468338,0.3939684636280186,0.3926195452173198,1.8354966804253137,1.497538237643862,0,48.0,5,503.0,0,58.0
0.0,0.03636363636363636,0.2958313903583754,0.38046326934140456,1.5027410130718981,1.3364341470260444,0.3103626013910998,0.39205650991143737,1.6903521133268986,1.4987139320276621,0,48.0,3,506.0,0,58.0
0.0,0.03618817852834741,0.3246418159067062,0.3800982340045194,1.4957683645641446,1.3374307586147778,0.3791614343234261,0.39197917555726036,1.5633333336889772,1.4991274873857467,0,48.0,4,510.0,0,58.0
0.16666666666666666,0.03665865384615385,0.30474119828592633,0.3796577226153877,1.4432445603241322,1.338036699013259,0.43583536851988236,0.3921503795087131,1.7942500063697053,1.5006307857030872,0,48.0,2,512.0,0,58.0
0.0,0.03654883163571001,0.529207668368976,0.38008541547758057,1.1339247110259196,1.3374013715779014,0.5714814570902993,0.3924701769752993,1.1423255960590522,1.4993275270864237,0,48.0,1,513.0,0,58.0
0.0,0.03630952380952381,0.3748583532574933,0.3800604087892752,1.123539305663969,1.3360917931543481,0.38863826966893794,0.3924532589825678,1.235503812473907,1.4978959340877132,0,48.0,2,515.0,0,58.0
0.0,0.036073329390892965,0.329835921899269,0.3797446012207735,1.358644410984124,1.336238324244805,0.37482715635157077,0.3923296206842576,1.4953374289095644,1.4978785111122674,0,48.0,5,520.0,0,58.0
0.0,0.035924617196702,0.2912774280692629,0.3791904332299721,0.6077788938993156,1.3294531691393687,0.3157762992304673,0.3919042672480767,1.286143739433712,1.4965336889332554,2,50.0,3,523.0,0,58.0
0.0,0.035735207967193906,0.2261451756200851,0.3776674281781104,1.8564411128181284,1.3338340112657825,0.34910315886964854,0.39146611983926266,2.099567668712298,1.5011296061865351,0,50.0,5,528.0,0,58.0
0.0,0.03558926487747958,0.5264140609901444,0.3780393602010564,1.0643273239319109,1.3328955373429319,0.5247533656944579,0.3917384498990728,1.2188505752710124,1.500121508206678,0,50.0,0,528.0,0,58.0
0.0,0.03534183082271147,0.195607890112235,0.3746967765211437,1.7812020417300307,1.337103536520353,0.14412513903649368,0.3860008995175435,1.938893661649522,1.5041546357286708,2,52.0,10,538.0,4,62.0
0.0,0.03519907674552799,0.7795056322674433,0.37601368083005615,1.4239633296996144,1.3375144159085621,0.7864864919968333,0.38679504179438035,1.5570248096336188,1.5044135514934875,0,52.0,0,538.0,0,62.0
0.2222222222222222,0.03616532721010333,0.2325602011494264,0.37493503397115024,1.3359536322218528,1.3375027463139995,0.26811642776575734,0.3858736378485011,1.575297635834207,1.5048922669636295,0,52.0,3,541.0,0,62.0
0.0,0.03591790193842646,0.2926064670474835,0.3741277259412483,1.472049089798512,1.3385113359274243,0.32158205792138933,0.38529540354937825,1.6153367280085207,1.505742551480108,1,53.0,3,544.0,5,67.0
0.0,0.03577512776831346,0.5522886377964707,0.374988057683147,1.309680698300933,1.3383732259922838,0.5905228929554834,0.385845502846095,1.433410931049823,1.505372253098903,0,53.0,4,548.0,0,67.0
0.0,0.035553047404063204,0.39674766342346085,0.37508334659505926,1.1374833000266857,1.3374052805525865,0.3851351192615409,0.38584320789470083,1.1847499887914568,1.503852596213587,0,53.0,4,552.0,0,67.0
0.09090909090909091,0.0358945597307908,0.4204489027820185,0.3753215896751438,1.306225084574459,1.3372397469924788,0.39666668166017766,0.38589034768124647,1.3909859137079241,1.503223096255362,0,53.0,5,557.0,0,67.0
0.0,0.03577417551704863,0.45106142169489805,0.3756322881249367,1.7001894802517388,1.3390901785079101,0.5521415153842401,0.386642800934796,1.7320689588885838,1.5045190404389777,0,53.0,1,558.0,0,67.0
0.0,0.035634743875278395,0.6286597855098958,0.3772220961184975,0.8470115605288654,1.3342443638851003,0.461338570327024,0.3869697407414591,1.402076490914143,1.5037920749053468,3,56.0,3,561.0,0,67.0
0.0,0.03545706371191136,0.43297562664652217,0.37743867845344203,1.1912888387629101,1.3336583641214268,0.48057377022150427,0.38726399064430916,1.247909040361675,1.502705228995039,0,56.0,2,563.0,0,67.0
0.0,0.03535911602209945,0.30799808272388474,0.3770733649002391,1.496900678259098,1.334505214555493,0.3155967946101292,0.38688437312205803,1.667611911838753,1.5035540879444855,0,56.0,2,565.0,0,67.0
0.0,0.035222894881673086,0.3693677173945437,0.3770252628823165,1.4041112576911066,1.3348655520885264,0.5237137295869134,0.38748608686797026,1.5265753307232055,1.5036824820695502,0,56.0,5,570.0,0,67.0
0.0,0.03504928806133625,0.32519786331763756,0.37680191031595167,1.2314593917330567,1.3343551334424502,0.33777096277233903,0.387280159133887,1.4258333193675892,1.5032919047406428,0,56.0,2,572.0,0,67.0
0.125,0.03544165757906216,0.4440616332154971,0.3770392200178096,1.1531913477057891,1.3336823038627679,0.45243312920777945,0.3874859137541319,1.3089108507800016,1.5025485596782309,0,56.0,3,575.0,0,67.0
0.0,0.03519220357336221,0.293764180121689,0.3764599299871749,1.494507904911326,1.3347707825955,0.2236908435115684,0.38618109077637947,1.6853723091755288,1.5038407461128052,0,56.0,5,580.0,0,67.0
0.09090909090909091,0.03552206673842842,0.4178077930183111,0.3766252682693041,1.0327735849801136,1.3337570920278061,0.4007782342195998,0.3862124479776101,1.1032631475693895,1.5024151496580462,0,56.0,4,584.0,0,67.0
0.0,0.03535083020889127,0.2758336916636382,0.37598176618794,1.4712938658345591,1.3344191260139093,0.33449045409362743,0.3859214100734341,1.605660296213051,1.5030264772452098,0,56.0,6,590.0,0,67.0
0.09090909090909091,0.03567625133120341,0.42514511139747074,0.37617574092516354,1.2515519186657902,1.3340427415351115,0.4506150551482121,0.38615660611334796,1.3320968363517731,1.5022407977623438,0,56.0,3,593.0,0,67.0
0.0,0.035600425079702444,0.2540311325850097,0.37547520283805086,1.282336278903468,1.3338621593254756,0.27700446504032616,0.38575673028591834,1.3454165555867916,1.5016847039543608,0,56.0,5,598.0,0,67.0
0.0,0.035468501852832186,0.4814542452627362,0.3757400874369182,0.9665604946967197,1.3327066259390326,0.41775508037871945,0.38580839473632306,1.0237837989654723,1.5003819940410312,0,56.0,2,600.0,0,67.0
0.0,0.03535620052770449,0.3941303840780286,0.37583905301645293,1.2365586034912734,1.3323860664471212,0.4295341995444369,0.3859394742946868,1.3695789442977107,1.4999258494829442,1,57.0,4,604.0,0,67.0
0.25,0.03625853914871256,0.5048495653430338,0.3763658333226583,1.7011160991678669,1.3339520631027155,0.37553466846566946,0.38588067351809824,1.695602798811016,1.5009334253748128,0,57.0,3,607.0,0,67.0
0.0,0.03614457831325301,0.49173470849247447,0.37665666556800803,1.1090235661839791,1.333270160544086,0.4223577087074362,0.3859538086433984,1.2259769676337817,1.5000626131352417,0,57.0,1,608.0,0,67.0
0.0,0.0360125260960334,0.3902241643867447,0.3767030245712106,1.5340879310107807,1.3342076498161985,0.43159833761399113,0.38613463262460535,1.7116667139062816,1.5011660747512756,0,57.0,1,609.0,0,67.0
0.1,0.036344755970924195,0.6896297843696407,0.37863437068707056,1.7542114602952323,1.3368699971084255,0.4564413839489723,0.3865460038712558,1.8698917949788116,1.5036199133048211,3,60.0,5,614.0,12,79.0
0.0,0.036138358286009295,0.4642071627626736,0.3790308494296073,1.3638759904499789,1.3370015117633804,0.5186933688781924,0.38694473146635944,1.5016392673055865,1.5036112589294142,0,60.0,3,617.0,0,79.0
0.0,0.03598971722365039,0.2403429133032761,0.3779942187109921,1.5550450208453752,1.338334281387285,0.506955137900893,0.3875662509043566,1.7186394501501052,1.504737421975499,0,60.0,4,621.0,1,80.0
0.0,0.03578732106339468,0.3958971292483765,0.37808382381152356,1.434911531455485,1.3388796405286292,0.4149177925579633,0.3877119376428089,1.5353216457998367,1.5049226233663806,0,60.0,4,625.0,0,80.0
0.0,0.03567787971457696,0.44272406047827206,0.3783458268370264,1.4413882725180824,1.3393468994578974,0.6071956308014506,0.3906991187613911,1.633650755640173,1.505494445843554,0,60.0,1,626.0,0,80.0
0.0,0.03555104113763331,0.515973133116884,0.37869412323821866,1.1302700867491902,1.3385777973329291,0.525448033989741,0.3909937234612678,1.2672566685094724,1.5045491242555546,0,60.0,0,626.0,0,80.0
0.0,0.03538928210313448,0.2875335701057373,0.37820384851619243,1.5211947200265867,1.339469061996123,0.4151197647696477,0.3911193569079352,1.6600689870364689,1.5053369654567146,0,60.0,3,629.0,0,80.0
0.0,0.035246727089627394,0.4357546514317581,0.3783685830935428,1.1870017311273773,1.3388351969614412,0.4538937991110029,0.3912848116127373,1.329600033687951,1.5045728387026955,0,60.0,0,629.0,0,80.0
0.1111111111111111,0.03558897243107769,0.4554458618760518,0.37863546980170104,1.6474875769048765,1.339860979913252,0.428184169457459,0.39182503182486345,1.7729523477898992,1.5055495083383927,0,60.0,1,630.0,0,80.0
0.125,0.03594608087868198,0.4664451191136597,0.3788758334892885,1.5882795781851426,1.340613693751719,0.3671967335004458,0.3917552299612325,1.663033676296879,1.5060337903852834,0,60.0,0,630.0,0,80.0
0.0,0.03580308304326206,0.48075260109069984,0.3791486835007865,1.1430083488405895,1.33991628435039,0.41264903242602446,0.39180332300894666,1.2978640127974206,1.5052955742568956,0,60.0,1,631.0,0,80.0
0.18181818181818182,0.036597428288822946,0.27477295042553745,0.37844846821366507,1.4874564768227565,1.340705296084078,0.3501241409115961,0.3916249236517131,1.6733334159894162,1.5061245662995937,1,61.0,5,636.0,6,86.0
0.09090909090909091,0.03689129365469749,0.4327360962589195,0.3786648218227233,1.306553973334952,1.3405622990672519,0.48318179766856445,0.3918384358543843,1.4070796234386265,1.5057426101729467,0,61.0,4,640.0,0,86.0
0.0,0.03680078508341511,0.6900000000000004,0.37904135083314333,0.6792456005279374,1.33940112415534,0.7900000262260445,0.39201321020015184,0.8566666687611084,1.5044162511017158,0,61.0,0,640.0,0,86.0
0.0,0.036603221083455345,0.4414145097103347,0.37953606005701757,1.7573312479819205,1.341267465639849,0.4089291001388427,0.3921083051507294,1.8676388891126892,1.5061889095144754,0,61.0,7,647.0,0,86.0
0.0,0.036425449247207385,0.47214320388349645,0.3798371741232379,1.189112588894969,1.3407345930401047,0.4717307815114834,0.3922948201521209,1.2494827275663765,1.505183645953525,0,61.0,1,648.0,2,88.0
0.0,0.03631961259079903,0.26577270447996215,0.3792492899932226,1.626038253295671,1.3419772062940813,0.4114542712332464,0.3923746103097211,1.7810293307218474,1.5064443157986511,0,61.0,4,652.0,0,88.0
0.0,0.036214389183969097,0.5294891512861795,0.3795631308778976,0.9676276807662978,1.3411367050895509,0.5002717491420762,0.39252284224326195,1.084558806487773,1.5054824632413524,0,61.0,2,654.0,0,88.0
0.0,0.03607503607503607,0.3601803253529784,0.3794810182820583,1.3408865844544116,1.3411357533225883,0.33633825407025014,0.3922980545848571,1.3613007484370048,1.504890311547644,1,62.0,3,657.0,0,88.0
0.0,0.035850860420650096,0.7102415396424937,0.3806551860284126,1.8103035678063961,1.3432639144560046,0.42557523220231114,0.3924372891233598,1.6892814643258744,1.5059128020490549,1,63.0,3,660.0,0,88.0
0.0,0.03571428571428571,0.6596025090083835,0.38123822859828543,1.5876696891141655,1.344007338914323,0.5270099944593436,0.39273659037799524,1.7405882811241111,1.5065732906437377,0,63.0,0,660.0,0,88.0
0.0,0.03546099290780142,0.39678546822937233,0.38130700101219933,1.4727604930497638,1.344801945902976,0.37114658525143557,0.39262723210844247,1.6062302736829561,1.5071995897626425,0,63.0,1,661.0,0,88.0
0.0,0.03527751646284102,0.38846483674871685,0.3813262270944602,1.6690179184169371,1.3460384741253129,0.4409226526583431,0.3927462338844948,1.8052777916677418,1.5082550797608574,0,63.0,1,662.0,0,88.0
0.0,0.0351288056206089,0.4384911567673676,0.3815404117745258,1.5581172588005239,1.3467933441147055,0.5073426910333172,0.39298608157142767,1.6599090823321816,1.508800063107171,1,64.0,1,663.0,4,92.0
0.09090909090909091,0.035414725069897485,0.4247172027016928,0.38172409754619835,1.5394143784466934,1.3475682545002707,0.46982796398457743,0.39327906223395087,1.6400000680134883,1.5093549102236004,0,64.0,5,668.0,0,92.0
0.0,0.035348837209302326,0.30957324106113115,0.38140683386602353,1.4012500000000019,1.3477352615213527,0.4975603382107816,0.39356185942578437,1.5399999809265155,1.5094473433828643,1,65.0,3,671.0,0,92.0
0.0,0.03523412146499768,0.608734768081762,0.3817728833664702,1.2531554017415727,1.3474628014717285,0.5954938158230272,0.3937994169467984,1.3849999655638832,1.509125285014815,0,65.0,0,671.0,0,92.0
0.0,0.035168903285515966,0.29864602203493196,0.38157902853763564,1.391902494415299,1.3475622017839894,0.3567451292226433,0.39373092746777366,1.7436363628397626,1.5097079682196606,0,65.0,2,673.0,0,92.0
0.25,0.035961272475795295,0.4484432299732522,0.38187759965705076,1.8561924969845127,1.349391957251415,0.36301803632317925,0.3935833742571504,1.8250000405033635,1.5110250623399255,1,66.0,3,676.0,2,94.0
0.0,0.03581267217630854,0.3013834303301635,0.3814279868440753,1.5216151509892424,1.3502937360572351,0.30750289788598145,0.39305694099078364,1.6447752768959794,1.5117857351915227,0,66.0,4,680.0,0,94.0
0.0,0.03571428571428571,0.5049952982267606,0.38165757104393644,0.8669291666666677,1.3492418346356665,0.3803352039960056,0.393040635568002,0.9295774825778407,1.5104679761091326,0,66.0,1,681.0,0,94.0
0.0,0.03553530751708428,0.4174841003974681,0.3818076733051941,1.0777856200638847,1.348331727582341,0.4587462841582658,0.3931978671002824,1.1460526142502778,1.509148427414526,0,66.0,7,688.0,0,94.0
0.0,0.03543843707405725,0.4254871450381689,0.3819847263350763,0.6226811885596748,1.3436129323743502,0.5634768375928776,0.3935644094941745,1.0597674604495344,1.5067066796343502,1,67.0,2,690.0,2,96.0
0.09090909090909091,0.03571428571428571,0.430774195429106,0.38218779119683877,1.3991834532374121,1.343833974692663,0.4594949481182863,0.39379621218463295,1.525572503235704,1.5067844315675623,0,67.0,5,695.0,0,96.0
0.0,0.035601622352410996,0.4368622560908811,0.3823564087807844,1.4876324859766847,1.344300129150012,0.47016948325897434,0.3939559034008883,1.6787999663889428,1.50732390197913,0,67.0,2,697.0,0,96.0
0.0,0.03552158273381295,0.5328005149181009,0.3826025959242884,0.975641465431614,1.3434255110399,0.46718753627075865,0.39402228266831096,1.1253521020936028,1.5064752616607429,0,67.0,0,697.0,0,96.0
0.0,0.035410129986553115,0.43197480903055646,0.38277238087314386,1.2425803876695727,1.3431013173349182,0.4840224640076085,0.39430500541940666,1.3091150868713244,1.5057798547672607,0,67.0,3,700.0,0,96.0
0.0,0.035252119589468986,0.483723792343817,0.3833537523679755,1.2039109010458589,1.342414610899014,0.5586082099585609,0.39551274894622973,1.3812329309837197,1.5052154193423586,1,68.0,3,703.0,0,96.0
0.0,0.03507992895204263,0.33041806484295955,0.383116672952784,1.4279207155747615,1.3428128925634017,0.337828018418941,0.3952459926947625,1.5271697357057188,1.505323241317481,1,69.0,2,705.0,0,96.0
0.0,0.03489399293286219,0.35233120120293926,0.38295648233641333,1.331230737982119,1.3427515818463414,0.3845867178081176,0.39519052205640526,1.5085464987707071,1.5053402751539915,0,69.0,3,708.0,0,96.0
0.0,0.03478643769264641,0.4846317516552457,0.38327159971528774,1.3231638912445502,1.342691758292435,0.5046250153839597,0.39549341193547544,1.4255854989865469,1.5050691997547787,0,69.0,3,711.0,0,96.0
0.0,0.034618755477651184,0.444249475469677,0.3834519829816522,1.0773172326280087,1.3416709939194662,0.4846725956432569,0.39570026635089184,1.1375925892536174,1.503857960171034,0,69.0,2,713.0,0,96.0
0.0,0.0345128877238969,0.3885614774347554,0.38346886265609353,1.3091987598277817,1.3415585556398355,0.47754172092712294,0.39593631145748903,1.4902563989130777,1.5038095648710872,0,69.0,2,715.0,0,96.0
0.09090909090909091,0.034782608695652174,0.4613568270538526,0.38373768764106986,1.388137289095776,1.3417421387321438,0.5012550989833312,0.3962932275459702,1.4777697905305418,1.503699955262188,0,69.0,3,718.0,0,96.0
0.0,0.03469210754553339,0.3801685991564326,0.38372488718844733,1.5837937475639698,1.3426475544542844,0.4401132130242068,0.39645197444649016,1.699302411047548,1.5044611001867727,0,69.0,2,720.0,0,96.0
0.0,0.03458711629917856,0.3582385059719159,0.3836264101419514,1.4251128641046773,1.3429641598743491,0.34509146308105965,0.39627024193708743,1.645671650664914,1.505029590914886,0,69.0,2,722.0,0,96.0
0.0,0.03451251078515962,0.47868929393045373,0.38387373787181134,1.4568649698161864,1.3433929251913868,0.4261949402829009,0.3963349167246288,1.660254221002669,1.5055779400716665,0,69.0,0,722.0,0,96.0
0.0,0.034408602150537634,0.6599128765442555,0.38425700003183927,0.8926023121509571,1.3424878976928833,0.6006666507682876,0.3965430122177093,1.024788715328813,1.5045581624762767,0,69.0,0,722.0,0,96.0
0.0,0.03427592116538132,0.37193066375511596,0.38421573154215843,1.2656554510978393,1.3421924050606353,0.3925619245590705,0.3965299728088094,1.4168181319443973,1.5042707814859901,0,69.0,2,724.0,0,96.0
0.0,0.034158838599487616,0.490042387894314,0.3844841280711094,1.242284440899003,1.3418886650663677,0.33669810489553154,0.39635878814004594,1.3581818151890261,1.5037938483133717,0,69.0,2,726.0,0,96.0
0.0,0.033999150021249466,0.3867750295215917,0.384492481099641,1.1198529411764724,1.341165052602629,0.41167612368554557,0.39639508441034615,1.2140677680178564,1.5027827375024898,0,69.0,4,730.0,0,96.0
0.0,0.03391267486222976,0.36738883286492346,0.3844189702328609,1.4926932021610357,1.3417093219446716,0.5072638468852618,0.3967024743196546,1.6284800342692156,1.50324571778621,0,69.0,2,732.0,0,96.0
0.0,0.033783783783783786,0.36735495456094863,0.3843482031098336,1.3428874527776646,1.3417140450191263,0.3891743220388567,0.39667503147179783,1.406369867761803,1.5028307345414997,0,69.0,3,735.0,0,96.0
0.09090909090909091,0.034047919293820936,0.4500896410525176,0.3845897646422752,1.7232246994801845,1.3431782056201391,0.4390733590194389,0.3968214245834771,1.8454930451163678,1.5042524452072341,0,69.0,3,738.0,0,96.0
0.0,0.03399076793957197,0.24637311557789013,0.38396022621269277,1.5731328125000021,1.3438490751795544,0.4089420917707151,0.39685341437721733,1.7034654013918467,1.5048386046243685,0,69.0,4,742.0,0,96.0
0.09090909090909091,0.034252297410192145,0.3999527457690888,0.3840431191206528,1.731719514388492,1.3456282477638462,0.1665502262093393,0.3936973349869405,1.8344654805662588,1.5063584153440455,1,70.0,3,745.0,0,96.0
0.0,0.034152436484798,0.4208270727733534,0.38412966417349,1.1419089248434253,1.344986235228887,0.45800750820945735,0.39380930614771625,1.2576086586466801,1.5056965598358534,0,70.0,2,747.0,0,96.0
0.125,0.034454130344541305,0.34432951319537025,0.3839471815516769,1.5458242137789535,1.3457619716631324,0.3986440450852513,0.39382790541992546,1.6988111616964594,1.5064919339140326,0,70.0,4,751.0,0,96.0
0.125,0.03475382705833678,0.6701113716345509,0.38453778258041543,2.845714837877536,1.3502441181566778,0.6455277374265245,0.39441734338972984,2.983716215758405,1.5127621296200202,0,70.0,0,751.0,0,96.0
0.1,0.0350226617222909,0.2793143983268988,0.38410143953814063,1.2982643477759808,1.3500560035433942,0.4541449152124069,0.3945510870061741,1.503333390970623,1.512732209096364,0,70.0,2,753.0,0,96.0
0.125,0.035318275154004104,0.40768183948620285,0.38416310493455197,1.0571609263571553,1.3492393830169032,0.5290748583734919,0.39474899557849774,1.2730630824516271,1.5119740650619735,0,70.0,2,755.0,0,96.0
0.0,0.03511637403021641,0.30476089782125243,0.3837233547486707,1.5487370535397524,1.3503740687790011,0.3983607707188965,0.39480217910735926,1.7427668965917607,1.5133210541456368,0,70.0,4,759.0,0,96.0
0.0,0.034945144250304754,0.31701854201049473,0.38327372289799083,1.5292795045393375,1.3511640576772324,0.31850572358958507,0.3937888157423362,1.6919999977722786,1.5141273670593458,1,71.0,8,767.0,0,96.0
0.0,0.03478964401294499,0.3605465589678775,0.38321046591875857,1.1466640317300136,1.3504988150032475,0.45557995471784546,0.3939127624724497,1.2270641174399506,1.5132475724397088,0,71.0,3,770.0,0,96.0
0.0,0.03466344216041919,0.31096111011465943,0.38291157518731356,1.5325277613405843,1.3513355462827015,0.3508283672603092,0.3937336207492349,1.74114457306075,1.5143063422208436,0,71.0,2,772.0,0,96.0
0.09090909090909091,0.034911717495987156,0.28241112889954356,0.382450492384329,1.3327011454595665,1.3512711937355535,0.3069183620763342,0.39269481763226244,1.401489372619575,1.5138628990809437,0,71.0,6,778.0,5,101.0
0.25,0.035256410256410256,0.7929339982624146,0.38289914050279944,1.960468750000002,1.3516775950521531,0.5261110964518647,0.3929321237108161,1.8000000047683735,1.5142134401331562,1,72.0,4,782.0,0,101.0
0.2,0.035913806863527534,0.5779687315267916,0.38354622138163935,1.2938814853303444,1.3514697447244977,0.46355703512534846,0.39312655927034795,1.3965648703608609,1.5137858882514257,0,72.0,5,787.0,0,101.0
0.125,0.03619729514717582,0.6026595744680859,0.383949363566949,1.405596153846155,1.3515586453684723,0.806201568032772,0.3934544913960697,1.4176470392673035,1.5136048709013985,0,72.0,0,787.0,0,101.0
0.0,0.03611111111111111,0.31059237921229765,0.383685905086772,1.2442962781525964,1.3512182553833898,0.4436885544791368,0.39360490293009975,1.3904201608243818,1.513200306664855,0,72.0,2,789.0,0,101.0
0.0,0.035954168312919796,0.3762530144486855,0.3836606648694915,1.0788831447691831,1.350418198447252,0.4255678629769742,0.3936755438482779,1.1581196702246301,1.512057437591046,0,72.0,6,795.0,0,101.0
0.09090909090909091,0.03619197482297404,0.44829178494061545,0.3838933922709464,1.5787984127949084,1.3512078566569288,0.4661940838151017,0.39391273210126193,1.6544030384424544,1.512580236274584,0,72.0,5,800.0,0,101.0
0.2,0.03651354534746761,0.4055951040471746,0.38395124814522014,1.9233055226567521,1.3530906207999867,0.5499786118705279,0.3943562062865251,1.805466678563094,1.513779443774269,0,72.0,2,802.0,0,101.0
0.0,0.03641346906812842,0.33295318423047865,0.3837893568982192,1.1959365081988909,1.3526287796479726,0.28392348507290993,0.3940760409834595,1.312654900537645,1.5131609863498403,0,72.0,3,805.0,0,101.0
0.0,0.03625730994152047,0.2866174681641232,0.3831975521529254,1.4585654442630573,1.3531906957925208,0.3517391735508731,0.3938117515557648,1.5953203180250703,1.5136123501310135,0,72.0,5,810.0,0,101.0
0.0,0.03615863141524106,0.6085172932330837,0.3835156982047824,0.9605969924812042,1.3523849775336356,0.6491367136986368,0.39402562892477294,1.1202631654523048,1.5128049788040154,0,72.0,0,810.0,0,101.0
0.0,0.03606048856145793,0.36385785682902433,0.3834494239088772,1.177297300673941,1.351913204217666,0.4318654254045264,0.39410005040971197,1.2535354242177683,1.5121136119658978,0,72.0,3,813.0,0,101.0
0.0,0.03593508500772798,0.2934846958650211,0.3830419795856586,1.628492229465866,1.3532419380379894,0.37933802144547846,0.3940372799154339,1.789324337929627,1.5132143038173453,1,73.0,3,816.0,0,101.0
0.0,0.03575547866205306,0.30276904112505443,0.38251920091938074,1.3941360431305119,1.3534631265861277,0.34372036732661065,0.3937842231895098,1.5501414733795449,1.5134231433915684,1,74.0,6,822.0,0,101.0
